Filename,Title,Keywords,Category,Releases
mjpg_00001_.jpg,Abstract Wave Mesh in Blue Tones,"abstract, wave, mesh, blue, tech, digital, motion, futuristic, 16:9",,
mjpg_00002_.jpg,Gradient Geometry with Soft Lights,"gradient, soft light, geometry, pastel, abstract, wellness, background, 16:9",,
mjpg_00003_.jpg,Neon Circuit Lines on Dark Grid,"neon, circuit, tech, dark, grid, digital, abstract, innovation, 16:9",,
mjpg_00004_.jpg,Minimalist Pastel Layers,"pastel, minimalist, modern, soft shadow, abstract, layers, lifestyle, 16:9",,
mjpg_00005_.jpg,Liquid Marble Swirl in Gold and Black,"marble, gold, black, swirl, luxury, abstract, fashion, elegant, 16:9",,
mjpg_00006_.jpg,Pixelated Digital Burst,"pixels, burst, abstract, data, digital, explosion, tech, dynamic, 16:9",,
mjpg_00007_.jpg,Soft Bokeh Blur with Light Orbs,"bokeh, blur, light, orbs, dreamy, abstract, wellness, calm, 16:9",,
mjpg_00008_.jpg,Retro Vaporwave Aesthetic Grid,"vaporwave, retro, grid, sun, pink, purple, nostalgic, digital art, 16:9",,
mjpg_00009_.jpg,Fractal Spiral in Deep Blue,"fractal, spiral, blue, abstract, complexity, cosmic, digital, pattern, 16:9",,
mjpg_00010_.jpg,Organic Ink Flow on White Canvas,"ink, flow, organic, abstract, white background, art, creative, splatter, 16:9",,
mjpg_00011_.jpg,Abstract Wave Mesh in Blue Tones,"abstract, wave, mesh, blue, tech, digital, motion, futuristic, 16:9",,
mjpg_00012_.jpg,Gradient Geometry with Soft Lights,"gradient, soft light, geometry, pastel, abstract, wellness, background, 16:9",,
mjpg_00013_.jpg,Neon Circuit Lines on Dark Grid,"neon, circuit, tech, dark, grid, digital, abstract, innovation, 16:9",,
mjpg_00014_.jpg,Minimalist Pastel Layers,"pastel, minimalist, modern, soft shadow, abstract, layers, lifestyle, 16:9",,
mjpg_00015_.jpg,Liquid Marble Swirl in Gold and Black,"marble, gold, black, swirl, luxury, abstract, fashion, elegant, 16:9",,
mjpg_00016_.jpg,Pixelated Digital Burst,"pixels, burst, abstract, data, digital, explosion, tech, dynamic, 16:9",,
mjpg_00017_.jpg,Soft Bokeh Blur with Light Orbs,"bokeh, blur, light, orbs, dreamy, abstract, wellness, calm, 16:9",,
mjpg_00018_.jpg,Retro Vaporwave Aesthetic Grid,"vaporwave, retro, grid, sun, pink, purple, nostalgic, digital art, 16:9",,
mjpg_00019_.jpg,Fractal Spiral in Deep Blue,"fractal, spiral, blue, abstract, complexity, cosmic, digital, pattern, 16:9",,
mjpg_00020_.jpg,Organic Ink Flow on White Canvas,"ink, flow, organic, abstract, white background, art, creative, splatter, 16:9",,
